-- TODO 1.3 : Inventer des données dans les nouvelles tables (tout ce qui concerne les tickets). Par contre, utiliser une requête avec insert into qui transfère les données des tables de la V0 à celles de cette nouvelle version.
INSERT INTO LesSpectacles SELECT DISTINCT noSpec, nomSpec, prixBaseSpec FROM V0_LesRepresentations;
INSERT INTO LesRepresentations_base SELECT dateRep, promoRep, noSpec FROM V0_LesRepresentations;
INSERT INTO LesZones SELECT DISTINCT noZone, catZone, tauxZone FROM V0_LesPlaces;
INSERT INTO LesPlaces SELECT DISTINCT noPlace, noRang, noZone FROM V0_LesPlaces;
INSERT INTO LesReductions VALUES ('Senior',0.2);
INSERT INTO LesReductions VALUES ('Adherent',0.3);
INSERT INTO LesReductions VALUES ('Etudiant',0.4);
INSERT INTO LesReductions VALUES ('Militaire',0.5);
INSERT INTO LesReductions VALUES ('Scolaire',0.2);
INSERT INTO LesReductions VALUES ('SansReduction',0);
INSERT INTO LesDossiers_base VALUES (1,CURRENT_DATE);
INSERT INTO LesDossiers_base VALUES (2,CURRENT_DATE);
INSERT INTO LesDossiers_base VALUES (3,CURRENT_DATE);
INSERT INTO LesDossiers_base VALUES (4,CURRENT_DATE);
INSERT INTO LesDossiers_base VALUES (5,CURRENT_DATE);
INSERT INTO LesVentes VALUES (1,1,'26/12/2019 21:00',1,'Senior');
INSERT INTO LesVentes VALUES (1,2,'26/12/2019 21:00',1,'Senior');
INSERT INTO LesVentes VALUES (2,1,'26/12/2019 21:00',1,'Militaire');
INSERT INTO LesVentes VALUES (2,2,'26/12/2019 21:00',1,'SansReduction');
INSERT INTO LesVentes VALUES (1,1,'24/12/2019 21:00',2,'Senior');
INSERT INTO LesVentes VALUES (1,2,'24/12/2019 21:00',2,'Senior');
INSERT INTO LesVentes VALUES (3,1,'24/12/2019 21:00',3,'Senior');
INSERT INTO LesVentes VALUES (1,1,'25/12/2019 23:00',3,'Senior');
INSERT INTO LesVentes VALUES (1,2,'25/12/2019 23:00',3,'Senior');
INSERT INTO LesVentes VALUES (3,1,'25/12/2019 23:00',4,'Senior');
INSERT INTO LesVentes VALUES (1,1,'24/12/2019 17:00',4,'Senior');
INSERT INTO LesVentes VALUES (1,2,'24/12/2019 17:00',5,'SansReduction');
INSERT INTO LesVentes VALUES (3,1,'24/12/2019 17:00',5,'SansReduction');